일자,요일,영업매장,총매출,총할인,실매출,가액,부가세,영수건수,영수단가,고객수,객단가,남,여,봉사료,에누리,결제합계,단순현금,현금영수,신용카드,외상,상품권,식권,회원포인트,제휴카드,사원카드,모바일쿠폰,캐시비,일반,점유율(%),포장,점유율(%),배달,점유율(%),일반,서비스,제휴,쿠폰,회원,식권,포장,사후환급액,즉시환급액,환급수수료
2017-07-01,토,1개,"2,382,300 ",0 ,"2,382,300 ","2,166,231 ","216,069 ",313 ,"7,611 ",313 ,"7,611 ",313 ,0 ,0 ,0 ,"2,382,300 ","506,900 ","17,700 ","1,857,700 ",0 ,0 ,0 ,0 ,0 ,0 ,0 ,0 ,"1,908,700 ",80.12 ,"473,600 ",19.88 ,0 ,0.00 ,0 ,0 ,0 ,0 ,0 ,0 ,0 ,0 ,0 ,0 
2017-07-02,일,1개,"1,986,500 ",0 ,"1,986,500 ","1,806,305 ","180,195 ",275 ,"7,224 ",275 ,"7,224 ",275 ,0 ,0 ,0 ,"1,986,500 ","522,500 ","35,800 ","1,428,200 ",0 ,0 ,0 ,0 ,0 ,0 ,0 ,0 ,"1,645,600 ",82.84 ,"340,900 ",17.16 ,0 ,0.00 ,0 ,0 ,0 ,0 ,0 ,0 ,0 ,0 ,0 ,0 
2017-07-03,월,1개,"1,798,900 ",0 ,"1,798,900 ","1,635,700 ","163,200 ",247 ,"7,283 ",247 ,"7,283 ",247 ,0 ,0 ,0 ,"1,798,900 ","579,500 ",0 ,"1,219,400 ",0 ,0 ,0 ,0 ,0 ,0 ,0 ,0 ,"1,544,700 ",85.87 ,"254,200 ",14.13 ,0 ,0.00 ,0 ,0 ,0 ,0 ,0 ,0 ,0 ,0 ,0 ,0 
2017-07-04,화,1개,"2,062,100 ",0 ,"2,062,100 ","1,875,061 ","187,039 ",303 ,"6,806 ",303 ,"6,806 ",303 ,0 ,0 ,0 ,"2,062,100 ","454,400 ","8,500 ","1,599,200 ",0 ,0 ,0 ,0 ,0 ,0 ,0 ,0 ,"1,701,200 ",82.50 ,"360,900 ",17.50 ,0 ,0.00 ,0 ,0 ,0 ,0 ,0 ,0 ,0 ,0 ,0 ,0 
2017-07-05,수,1개,"2,109,100 ",0 ,"2,109,100 ","1,917,772 ","191,328 ",292 ,"7,223 ",292 ,"7,223 ",292 ,0 ,0 ,0 ,"2,109,100 ","514,000 ","18,800 ","1,576,300 ",0 ,0 ,0 ,0 ,0 ,0 ,0 ,0 ,"1,852,100 ",87.81 ,"257,000 ",12.19 ,0 ,0.00 ,0 ,0 ,0 ,0 ,0 ,0 ,0 ,0 ,0 ,0 
2017-07-06,목,1개,"2,028,300 ",0 ,"2,028,300 ","1,844,310 ","183,990 ",284 ,"7,142 ",284 ,"7,142 ",284 ,0 ,0 ,0 ,"2,028,300 ","352,500 ",0 ,"1,675,800 ",0 ,0 ,0 ,0 ,0 ,0 ,0 ,0 ,"1,646,100 ",81.16 ,"382,200 ",18.84 ,0 ,0.00 ,0 ,0 ,0 ,0 ,0 ,0 ,0 ,0 ,0 ,0 
2017-07-07,금,1개,"1,967,000 ",0 ,"1,967,000 ","1,788,541 ","178,459 ",273 ,"7,205 ",273 ,"7,205 ",273 ,0 ,0 ,0 ,"1,967,000 ","485,200 ","38,000 ","1,443,800 ",0 ,0 ,0 ,0 ,0 ,0 ,0 ,0 ,"1,585,500 ",80.60 ,"381,500 ",19.40 ,0 ,0.00 ,0 ,0 ,0 ,0 ,0 ,0 ,0 ,0 ,0 ,0 
2017-07-08,토,1개,"2,395,200 ",0 ,"2,395,200 ","2,177,936 ","217,264 ",323 ,"7,415 ",323 ,"7,415 ",323 ,0 ,0 ,0 ,"2,395,200 ","661,500 ","8,400 ","1,725,300 ",0 ,0 ,0 ,0 ,0 ,0 ,0 ,0 ,"1,886,800 ",78.77 ,"508,400 ",21.23 ,0 ,0.00 ,0 ,0 ,0 ,0 ,0 ,0 ,0 ,0 ,0 ,0 
2017-07-09,일,1개,"2,139,300 ",0 ,"2,139,300 ","1,945,258 ","194,042 ",295 ,"7,252 ",295 ,"7,252 ",295 ,0 ,0 ,0 ,"2,139,300 ","521,900 ","12,000 ","1,605,400 ",0 ,0 ,0 ,0 ,0 ,0 ,0 ,0 ,"1,711,800 ",80.02 ,"427,500 ",19.98 ,0 ,0.00 ,0 ,0 ,0 ,0 ,0 ,0 ,0 ,0 ,0 ,0 
2017-07-10,월,1개,"2,044,500 ",0 ,"2,044,500 ","1,859,043 ","185,457 ",286 ,"7,149 ",286 ,"7,149 ",286 ,0 ,0 ,0 ,"2,044,500 ","407,400 ","34,900 ","1,602,200 ",0 ,0 ,0 ,0 ,0 ,0 ,0 ,0 ,"1,683,800 ",82.36 ,"360,700 ",17.64 ,0 ,0.00 ,0 ,0 ,0 ,0 ,0 ,0 ,0 ,0 ,0 ,0 
2017-07-11,화,1개,"2,301,400 ",0 ,"2,301,400 ","2,092,667 ","208,733 ",322 ,"7,147 ",322 ,"7,147 ",322 ,0 ,0 ,0 ,"2,301,400 ","544,800 ","31,800 ","1,724,800 ",0 ,0 ,0 ,0 ,0 ,0 ,0 ,0 ,"1,925,100 ",83.65 ,"376,300 ",16.35 ,0 ,0.00 ,0 ,0 ,0 ,0 ,0 ,0 ,0 ,0 ,0 ,0 
2017-07-12,수,1개,"1,606,800 ",0 ,"1,606,800 ","1,461,070 ","145,730 ",246 ,"6,532 ",246 ,"6,532 ",246 ,0 ,0 ,0 ,"1,606,800 ","372,800 ","8,400 ","1,225,600 ",0 ,0 ,0 ,0 ,0 ,0 ,0 ,0 ,"1,341,300 ",83.48 ,"265,500 ",16.52 ,0 ,0.00 ,0 ,0 ,0 ,0 ,0 ,0 ,0 ,0 ,0 ,0 
2017-07-13,목,1개,"1,907,400 ",0 ,"1,907,400 ","1,734,431 ","172,969 ",274 ,"6,961 ",274 ,"6,961 ",274 ,0 ,0 ,0 ,"1,907,400 ","485,700 ","8,400 ","1,413,300 ",0 ,0 ,0 ,0 ,0 ,0 ,0 ,0 ,"1,633,500 ",85.64 ,"273,900 ",14.36 ,0 ,0.00 ,0 ,0 ,0 ,0 ,0 ,0 ,0 ,0 ,0 ,0 
2017-07-14,금,1개,"2,101,600 ",0 ,"2,101,600 ","1,910,934 ","190,666 ",294 ,"7,148 ",294 ,"7,148 ",294 ,0 ,0 ,0 ,"2,101,600 ","474,300 ","25,400 ","1,601,900 ",0 ,0 ,0 ,0 ,0 ,0 ,0 ,0 ,"1,748,100 ",83.18 ,"353,500 ",16.82 ,0 ,0.00 ,0 ,0 ,0 ,0 ,0 ,0 ,0 ,0 ,0 ,0 
2017-07-15,토,1개,"2,079,900 ",0 ,"2,079,900 ","1,891,243 ","188,657 ",273 ,"7,619 ",273 ,"7,619 ",273 ,0 ,0 ,0 ,"2,079,900 ","441,000 ","25,500 ","1,613,400 ",0 ,0 ,0 ,0 ,0 ,0 ,0 ,0 ,"1,583,500 ",76.13 ,"496,400 ",23.87 ,0 ,0.00 ,0 ,0 ,0 ,0 ,0 ,0 ,0 ,0 ,0 ,0 
2017-07-16,일,1개,"2,473,900 ",0 ,"2,473,900 ","2,249,532 ","224,368 ",331 ,"7,474 ",331 ,"7,474 ",331 ,0 ,0 ,0 ,"2,473,900 ","472,000 ","26,800 ","1,975,100 ",0 ,0 ,0 ,0 ,0 ,0 ,0 ,0 ,"1,992,900 ",80.56 ,"481,000 ",19.44 ,0 ,0.00 ,0 ,0 ,0 ,0 ,0 ,0 ,0 ,0 ,0 ,0 
2017-07-17,월,1개,"2,196,000 ","97,000 ","2,099,000 ","1,908,621 ","190,379 ",303 ,"6,927 ",303 ,"6,927 ",303 ,0 ,0 ,0 ,"2,099,000 ","549,600 ","11,400 ","1,538,000 ",0 ,0 ,0 ,0 ,0 ,0 ,0 ,0 ,"1,831,300 ",87.25 ,"267,700 ",12.75 ,0 ,0.00 ,0 ,"97,000 ",0 ,0 ,0 ,0 ,0 ,0 ,0 ,0 
2017-07-18,화,1개,"2,067,500 ","74,200 ","1,993,300 ","1,812,524 ","180,776 ",297 ,"6,711 ",297 ,"6,711 ",297 ,0 ,0 ,0 ,"1,993,300 ","530,000 ","12,900 ","1,450,400 ",0 ,0 ,0 ,0 ,0 ,0 ,0 ,0 ,"1,649,800 ",82.77 ,"343,500 ",17.23 ,0 ,0.00 ,0 ,"74,200 ",0 ,0 ,0 ,0 ,0 ,0 ,0 ,0 
2017-07-19,수,1개,"2,230,100 ","163,800 ","2,066,300 ","1,878,885 ","187,415 ",301 ,"6,865 ",301 ,"6,865 ",301 ,0 ,0 ,0 ,"2,066,300 ","520,200 ","17,400 ","1,528,700 ",0 ,0 ,0 ,0 ,0 ,0 ,0 ,0 ,"1,732,500 ",83.85 ,"333,800 ",16.15 ,0 ,0.00 ,0 ,"163,800 ",0 ,0 ,0 ,0 ,0 ,0 ,0 ,0 
2017-07-20,목,1개,"2,089,400 ","30,100 ","2,059,300 ","1,872,522 ","186,778 ",294 ,"7,004 ",294 ,"7,004 ",294 ,0 ,0 ,0 ,"2,059,300 ","505,100 ","8,900 ","1,545,300 ",0 ,0 ,0 ,0 ,0 ,0 ,0 ,0 ,"1,720,600 ",83.55 ,"338,700 ",16.45 ,0 ,0.00 ,0 ,"30,100 ",0 ,0 ,0 ,0 ,0 ,0 ,0 ,0 
2017-07-21,금,1개,"2,225,900 ","46,700 ","2,179,200 ","1,981,533 ","197,667 ",291 ,"7,489 ",291 ,"7,489 ",291 ,0 ,0 ,0 ,"2,179,200 ","548,400 ","18,600 ","1,612,200 ",0 ,0 ,0 ,0 ,0 ,0 ,0 ,0 ,"1,844,200 ",84.63 ,"335,000 ",15.37 ,0 ,0.00 ,0 ,"46,700 ",0 ,0 ,0 ,0 ,0 ,0 ,0 ,0 
2017-07-22,토,1개,"2,315,000 ","45,900 ","2,269,100 ","2,063,289 ","205,811 ",303 ,"7,489 ",303 ,"7,489 ",303 ,0 ,0 ,0 ,"2,269,100 ","668,900 ","11,500 ","1,588,700 ",0 ,0 ,0 ,0 ,0 ,0 ,0 ,0 ,"1,869,500 ",82.39 ,"399,600 ",17.61 ,0 ,0.00 ,0 ,"45,900 ",0 ,0 ,0 ,0 ,0 ,0 ,0 ,0 
2017-07-23,일,1개,"2,224,300 ","51,800 ","2,172,500 ","1,975,475 ","197,025 ",285 ,"7,623 ",285 ,"7,623 ",285 ,0 ,0 ,0 ,"2,172,500 ","498,900 ",0 ,"1,673,600 ",0 ,0 ,0 ,0 ,0 ,0 ,0 ,0 ,"1,765,700 ",81.28 ,"406,800 ",18.72 ,0 ,0.00 ,0 ,"51,800 ",0 ,0 ,0 ,0 ,0 ,0 ,0 ,0 
2017-07-24,월,1개,"2,024,200 ","30,100 ","1,994,100 ","1,813,195 ","180,905 ",299 ,"6,669 ",299 ,"6,669 ",299 ,0 ,0 ,0 ,"1,994,100 ","433,500 ","9,500 ","1,551,100 ",0 ,0 ,0 ,0 ,0 ,0 ,0 ,0 ,"1,649,600 ",82.72 ,"344,500 ",17.28 ,0 ,0.00 ,0 ,"30,100 ",0 ,0 ,0 ,0 ,0 ,0 ,0 ,0 
2017-07-25,화,1개,"2,388,800 ","69,500 ","2,319,300 ","2,108,949 ","210,351 ",332 ,"6,986 ",332 ,"6,986 ",332 ,0 ,0 ,0 ,"2,319,300 ","652,300 ","13,400 ","1,653,600 ",0 ,0 ,0 ,0 ,0 ,0 ,0 ,0 ,"1,965,500 ",84.75 ,"353,800 ",15.25 ,0 ,0.00 ,0 ,"69,500 ",0 ,0 ,0 ,0 ,0 ,0 ,0 ,0 
2017-07-26,수,1개,"2,181,400 ","61,500 ","2,119,900 ","1,927,664 ","192,236 ",321 ,"6,604 ",321 ,"6,604 ",321 ,0 ,0 ,0 ,"2,119,900 ","510,400 ","17,100 ","1,592,400 ",0 ,0 ,0 ,0 ,0 ,0 ,0 ,0 ,"1,823,400 ",86.01 ,"296,500 ",13.99 ,0 ,0.00 ,0 ,"61,500 ",0 ,0 ,0 ,0 ,0 ,0 ,0 ,0 
2017-07-27,목,1개,"2,144,700 ","32,300 ","2,112,400 ","1,920,814 ","191,586 ",298 ,"7,089 ",298 ,"7,089 ",298 ,0 ,0 ,0 ,"2,112,400 ","505,200 ","14,700 ","1,592,500 ",0 ,0 ,0 ,0 ,0 ,0 ,0 ,0 ,"1,724,600 ",81.64 ,"387,800 ",18.36 ,0 ,0.00 ,0 ,"32,300 ",0 ,0 ,0 ,0 ,0 ,0 ,0 ,0 
2017-07-28,금,1개,"2,001,300 ","55,300 ","1,946,000 ","1,769,493 ","176,507 ",283 ,"6,876 ",283 ,"6,876 ",283 ,0 ,0 ,0 ,"1,946,000 ","456,800 ","19,500 ","1,469,700 ",0 ,0 ,0 ,0 ,0 ,0 ,0 ,0 ,"1,554,000 ",79.86 ,"392,000 ",20.14 ,0 ,0.00 ,0 ,"55,300 ",0 ,0 ,0 ,0 ,0 ,0 ,0 ,0 
2017-07-29,토,1개,"2,600,000 ","99,900 ","2,500,100 ","2,273,324 ","226,776 ",339 ,"7,375 ",339 ,"7,375 ",339 ,0 ,0 ,0 ,"2,500,100 ","586,400 ","39,100 ","1,874,600 ",0 ,0 ,0 ,0 ,0 ,0 ,0 ,0 ,"2,041,100 ",81.64 ,"459,000 ",18.36 ,0 ,0.00 ,0 ,"99,900 ",0 ,0 ,0 ,0 ,0 ,0 ,0 ,0 
2017-07-30,일,1개,"2,481,600 ","101,000 ","2,380,600 ","2,164,675 ","215,925 ",317 ,"7,510 ",317 ,"7,510 ",317 ,0 ,0 ,0 ,"2,380,600 ","581,100 ","65,800 ","1,733,700 ",0 ,0 ,0 ,0 ,0 ,0 ,0 ,0 ,"1,984,700 ",83.37 ,"395,900 ",16.63 ,0 ,0.00 ,0 ,"101,000 ",0 ,0 ,0 ,0 ,0 ,0 ,0 ,0 
2017-07-31,월,1개,"2,161,700 ","49,200 ","2,112,500 ","1,920,919 ","191,581 ",307 ,"6,881 ",307 ,"6,881 ",307 ,0 ,0 ,0 ,"2,112,500 ","540,200 ","44,900 ","1,527,400 ",0 ,0 ,0 ,0 ,0 ,0 ,0 ,0 ,"1,685,900 ",79.81 ,"426,600 ",20.19 ,0 ,0.00 ,0 ,"49,200 ",0 ,0 ,0 ,0 ,0 ,0 ,0 ,0 
2017-08-01,화,1개,"2,221,200 ","66,800 ","2,154,400 ","1,959,001 ","195,399 ",321 ,"6,712 ",321 ,"6,712 ",321 ,0 ,0 ,0 ,"2,154,400 ","587,300 ","12,300 ","1,554,800 ",0 ,0 ,0 ,0 ,0 ,0 ,0 ,0 ,"1,707,200 ",79.24 ,"447,200 ",20.76 ,0 ,0.00 ,0 ,"66,800 ",0 ,0 ,0 ,0 ,0 ,0 ,0 ,0 
2017-08-02,수,1개,"2,222,700 ","45,800 ","2,176,900 ","1,979,461 ","197,439 ",309 ,"7,045 ",309 ,"7,045 ",309 ,0 ,0 ,0 ,"2,176,900 ","636,000 ",0 ,"1,540,900 ",0 ,0 ,0 ,0 ,0 ,0 ,0 ,0 ,"1,744,100 ",80.12 ,"432,800 ",19.88 ,0 ,0.00 ,0 ,"45,800 ",0 ,0 ,0 ,0 ,0 ,0 ,0 ,0 
2017-08-03,목,1개,"2,293,100 ","31,500 ","2,261,600 ","2,056,490 ","205,110 ",335 ,"6,751 ",335 ,"6,751 ",335 ,0 ,0 ,0 ,"2,261,600 ","517,200 ","22,600 ","1,721,800 ",0 ,0 ,0 ,0 ,0 ,0 ,0 ,0 ,"1,866,900 ",82.55 ,"394,700 ",17.45 ,0 ,0.00 ,0 ,"31,500 ",0 ,0 ,0 ,0 ,0 ,0 ,0 ,0 
2017-08-04,금,1개,"2,435,300 ","67,000 ","2,368,300 ","2,153,511 ","214,789 ",317 ,"7,471 ",317 ,"7,471 ",317 ,0 ,0 ,0 ,"2,368,300 ","515,800 ","32,100 ","1,820,400 ",0 ,0 ,0 ,0 ,0 ,0 ,0 ,0 ,"1,925,500 ",81.30 ,"442,800 ",18.70 ,0 ,0.00 ,0 ,"67,000 ",0 ,0 ,0 ,0 ,0 ,0 ,0 ,0 
2017-08-05,토,1개,"2,502,900 ","61,900 ","2,441,000 ","2,219,565 ","221,435 ",312 ,"7,824 ",312 ,"7,824 ",312 ,0 ,0 ,0 ,"2,441,000 ","583,700 ","29,200 ","1,828,100 ",0 ,0 ,0 ,0 ,0 ,0 ,0 ,0 ,"2,000,800 ",81.97 ,"440,200 ",18.03 ,0 ,0.00 ,0 ,"61,900 ",0 ,0 ,0 ,0 ,0 ,0 ,0 ,0 
2017-08-06,일,1개,"2,573,300 ","34,900 ","2,538,400 ","2,308,150 ","230,250 ",342 ,"7,422 ",342 ,"7,422 ",342 ,0 ,0 ,0 ,"2,538,400 ","649,800 ","12,300 ","1,876,300 ",0 ,0 ,0 ,0 ,0 ,0 ,0 ,0 ,"2,232,300 ",87.94 ,"306,100 ",12.06 ,0 ,0.00 ,0 ,"34,900 ",0 ,0 ,0 ,0 ,0 ,0 ,0 ,0 
2017-08-07,월,1개,"2,052,000 ","31,500 ","2,020,500 ","1,837,296 ","183,204 ",303 ,"6,668 ",303 ,"6,668 ",303 ,0 ,0 ,0 ,"2,020,500 ","418,300 ","13,600 ","1,588,600 ",0 ,0 ,0 ,0 ,0 ,0 ,0 ,0 ,"1,639,000 ",81.12 ,"381,500 ",18.88 ,0 ,0.00 ,0 ,"31,500 ",0 ,0 ,0 ,0 ,0 ,0 ,0 ,0 
2017-08-08,화,1개,"2,710,900 ","106,700 ","2,604,200 ","2,367,949 ","236,251 ",370 ,"7,038 ",370 ,"7,038 ",370 ,0 ,0 ,0 ,"2,604,200 ","721,400 ","16,500 ","1,866,300 ",0 ,0 ,0 ,0 ,0 ,0 ,0 ,0 ,"2,074,700 ",79.67 ,"529,500 ",20.33 ,0 ,0.00 ,0 ,"106,700 ",0 ,0 ,0 ,0 ,0 ,0 ,0 ,0 
2017-08-09,수,1개,"2,360,200 ","29,000 ","2,331,200 ","2,119,777 ","211,423 ",334 ,"6,980 ",334 ,"6,980 ",334 ,0 ,0 ,0 ,"2,331,200 ","552,400 ",0 ,"1,778,800 ",0 ,0 ,0 ,0 ,0 ,0 ,0 ,0 ,"1,930,800 ",82.82 ,"400,400 ",17.18 ,0 ,0.00 ,0 ,"29,000 ",0 ,0 ,0 ,0 ,0 ,0 ,0 ,0 
2017-08-10,목,1개,"2,208,100 ","91,700 ","2,116,400 ","1,924,441 ","191,959 ",288 ,"7,349 ",288 ,"7,349 ",288 ,0 ,0 ,0 ,"2,116,400 ","494,100 ",0 ,"1,622,300 ",0 ,0 ,0 ,0 ,0 ,0 ,0 ,0 ,"1,756,800 ",83.01 ,"359,600 ",16.99 ,0 ,0.00 ,0 ,"91,700 ",0 ,0 ,0 ,0 ,0 ,0 ,0 ,0 
2017-08-11,금,1개,"2,156,100 ","37,400 ","2,118,700 ","1,926,509 ","192,191 ",303 ,"6,992 ",303 ,"6,992 ",303 ,0 ,0 ,0 ,"2,118,700 ","522,200 ","40,100 ","1,556,400 ",0 ,0 ,0 ,0 ,0 ,0 ,0 ,0 ,"1,704,100 ",80.43 ,"414,600 ",19.57 ,0 ,0.00 ,0 ,"37,400 ",0 ,0 ,0 ,0 ,0 ,0 ,0 ,0 
2017-08-12,토,1개,"2,968,700 ","33,800 ","2,934,900 ","2,668,705 ","266,195 ",396 ,"7,411 ",396 ,"7,411 ",396 ,0 ,0 ,0 ,"2,934,900 ","650,600 ","47,000 ","2,237,300 ",0 ,0 ,0 ,0 ,0 ,0 ,0 ,0 ,"2,375,100 ",80.93 ,"559,800 ",19.07 ,0 ,0.00 ,0 ,"33,800 ",0 ,0 ,0 ,0 ,0 ,0 ,0 ,0 
2017-08-13,일,1개,"2,931,000 ","199,400 ","2,731,600 ","2,483,839 ","247,761 ",366 ,"7,463 ",366 ,"7,463 ",366 ,0 ,0 ,0 ,"2,731,600 ","695,500 ","69,600 ","1,966,500 ",0 ,0 ,0 ,0 ,0 ,0 ,0 ,0 ,"2,243,300 ",82.12 ,"488,300 ",17.88 ,0 ,0.00 ,0 ,"199,400 ",0 ,0 ,0 ,0 ,0 ,0 ,0 ,0 
2017-08-14,월,1개,"2,258,600 ","104,200 ","2,154,400 ","1,958,944 ","195,456 ",311 ,"6,927 ",311 ,"6,927 ",311 ,0 ,0 ,0 ,"2,154,400 ","562,400 ","15,000 ","1,577,000 ",0 ,0 ,0 ,0 ,0 ,0 ,0 ,0 ,"1,702,700 ",79.03 ,"451,700 ",20.97 ,0 ,0.00 ,0 ,"104,200 ",0 ,0 ,0 ,0 ,0 ,0 ,0 ,0 
2017-08-15,화,1개,"2,175,200 ","110,000 ","2,065,200 ","1,877,836 ","187,364 ",274 ,"7,537 ",274 ,"7,537 ",274 ,0 ,0 ,0 ,"2,065,200 ","473,200 ",0 ,"1,592,000 ",0 ,0 ,0 ,0 ,0 ,0 ,0 ,0 ,"1,747,300 ",84.61 ,"317,900 ",15.39 ,0 ,0.00 ,0 ,"110,000 ",0 ,0 ,0 ,0 ,0 ,0 ,0 ,0 
2017-08-16,수,1개,"2,546,800 ","43,900 ","2,502,900 ","2,275,886 ","227,014 ",360 ,"6,953 ",360 ,"6,953 ",360 ,0 ,0 ,0 ,"2,502,900 ","585,200 ",0 ,"1,917,700 ",0 ,0 ,0 ,0 ,0 ,0 ,0 ,0 ,"1,965,800 ",78.54 ,"537,100 ",21.46 ,0 ,0.00 ,0 ,"43,900 ",0 ,0 ,0 ,0 ,0 ,0 ,0 ,0 
2017-08-17,목,1개,"2,597,500 ","45,900 ","2,551,600 ","2,320,171 ","231,429 ",354 ,"7,208 ",354 ,"7,208 ",354 ,0 ,0 ,0 ,"2,551,600 ","561,200 ","25,900 ","1,964,500 ",0 ,0 ,0 ,0 ,0 ,0 ,0 ,0 ,"1,958,900 ",76.77 ,"592,700 ",23.23 ,0 ,0.00 ,0 ,"45,900 ",0 ,0 ,0 ,0 ,0 ,0 ,0 ,0 
2017-08-18,금,1개,"2,560,300 ","79,100 ","2,481,200 ","2,256,116 ","225,084 ",348 ,"7,130 ",348 ,"7,130 ",348 ,0 ,0 ,0 ,"2,481,200 ","467,200 ","29,500 ","1,984,500 ",0 ,0 ,0 ,0 ,0 ,0 ,0 ,0 ,"1,969,800 ",79.39 ,"511,400 ",20.61 ,0 ,0.00 ,0 ,"79,100 ",0 ,0 ,0 ,0 ,0 ,0 ,0 ,0 
2017-08-19,토,1개,"2,775,200 ","76,900 ","2,698,300 ","2,453,507 ","244,793 ",347 ,"7,776 ",347 ,"7,776 ",347 ,0 ,0 ,0 ,"2,698,300 ","897,200 ","4,900 ","1,796,200 ",0 ,0 ,0 ,0 ,0 ,0 ,0 ,0 ,"2,125,100 ",78.76 ,"573,200 ",21.24 ,0 ,0.00 ,0 ,"76,900 ",0 ,0 ,0 ,0 ,0 ,0 ,0 ,0 
2017-08-20,일,1개,"2,741,800 ","185,000 ","2,556,800 ","2,324,843 ","231,957 ",342 ,"7,476 ",342 ,"7,476 ",342 ,0 ,0 ,0 ,"2,556,800 ","571,000 ","14,100 ","1,971,700 ",0 ,0 ,0 ,0 ,0 ,0 ,0 ,0 ,"2,040,800 ",79.82 ,"516,000 ",20.18 ,0 ,0.00 ,0 ,"185,000 ",0 ,0 ,0 ,0 ,0 ,0 ,0 ,0 
2017-08-21,월,1개,"2,223,400 ","92,500 ","2,130,900 ","1,937,619 ","193,281 ",301 ,"7,079 ",301 ,"7,079 ",301 ,0 ,0 ,0 ,"2,130,900 ","518,800 ","10,900 ","1,601,200 ",0 ,0 ,0 ,0 ,0 ,0 ,0 ,0 ,"1,817,300 ",85.28 ,"313,600 ",14.72 ,0 ,0.00 ,0 ,"92,500 ",0 ,0 ,0 ,0 ,0 ,0 ,0 ,0 
2017-08-22,화,1개,"2,385,000 ","18,700 ","2,366,300 ","2,151,665 ","214,635 ",335 ,"7,064 ",335 ,"7,064 ",335 ,0 ,0 ,0 ,"2,366,300 ","618,700 ","13,000 ","1,734,600 ",0 ,0 ,0 ,0 ,0 ,0 ,0 ,0 ,"1,979,200 ",83.64 ,"387,100 ",16.36 ,0 ,0.00 ,0 ,"18,700 ",0 ,0 ,0 ,0 ,0 ,0 ,0 ,0 
2017-08-23,수,1개,"2,173,300 ","70,100 ","2,103,200 ","1,912,447 ","190,753 ",319 ,"6,593 ",319 ,"6,593 ",319 ,0 ,0 ,0 ,"2,103,200 ","544,000 ","27,400 ","1,531,800 ",0 ,0 ,0 ,0 ,0 ,0 ,0 ,0 ,"1,637,900 ",77.88 ,"465,300 ",22.12 ,0 ,0.00 ,0 ,"70,100 ",0 ,0 ,0 ,0 ,0 ,0 ,0 ,0 
2017-08-24,목,1개,"2,087,500 ","39,000 ","2,048,500 ","1,862,647 ","185,853 ",303 ,"6,761 ",303 ,"6,761 ",303 ,0 ,0 ,0 ,"2,048,500 ","455,800 ","52,900 ","1,539,800 ",0 ,0 ,0 ,0 ,0 ,0 ,0 ,0 ,"1,648,800 ",80.49 ,"399,700 ",19.51 ,0 ,0.00 ,0 ,"39,000 ",0 ,0 ,0 ,0 ,0 ,0 ,0 ,0 
2017-08-25,금,1개,"2,239,300 ","47,200 ","2,192,100 ","1,993,314 ","198,786 ",319 ,"6,872 ",319 ,"6,872 ",319 ,0 ,0 ,0 ,"2,192,100 ","532,300 ","56,400 ","1,603,400 ",0 ,0 ,0 ,0 ,0 ,0 ,0 ,0 ,"1,797,800 ",82.01 ,"394,300 ",17.99 ,0 ,0.00 ,0 ,"47,200 ",0 ,0 ,0 ,0 ,0 ,0 ,0 ,0 
2017-08-26,토,1개,"3,010,000 ","139,700 ","2,870,300 ","2,609,919 ","260,381 ",387 ,"7,417 ",387 ,"7,417 ",387 ,0 ,0 ,0 ,"2,870,300 ","832,900 ","24,400 ","2,013,000 ",0 ,0 ,0 ,0 ,0 ,0 ,0 ,0 ,"2,248,400 ",78.33 ,"621,900 ",21.67 ,0 ,0.00 ,0 ,"139,700 ",0 ,0 ,0 ,0 ,0 ,0 ,0 ,0 
2017-08-27,일,1개,"2,904,000 ","161,200 ","2,742,800 ","2,494,039 ","248,761 ",381 ,"7,199 ",381 ,"7,199 ",381 ,0 ,0 ,0 ,"2,742,800 ","659,100 ","10,900 ","2,072,800 ",0 ,0 ,0 ,0 ,0 ,0 ,0 ,0 ,"2,169,800 ",79.11 ,"573,000 ",20.89 ,0 ,0.00 ,0 ,"161,200 ",0 ,0 ,0 ,0 ,0 ,0 ,0 ,0 
2017-08-28,월,1개,"2,209,300 ","96,000 ","2,113,300 ","1,921,628 ","191,672 ",307 ,"6,884 ",307 ,"6,884 ",307 ,0 ,0 ,0 ,"2,113,300 ","426,300 ","13,300 ","1,673,700 ",0 ,0 ,0 ,0 ,0 ,0 ,0 ,0 ,"1,696,200 ",80.26 ,"417,100 ",19.74 ,0 ,0.00 ,0 ,"96,000 ",0 ,0 ,0 ,0 ,0 ,0 ,0 ,0 
2017-08-29,화,1개,"2,384,100 ","48,100 ","2,336,000 ","2,124,128 ","211,872 ",347 ,"6,732 ",347 ,"6,732 ",347 ,0 ,0 ,0 ,"2,336,000 ","496,000 ","4,200 ","1,835,800 ",0 ,0 ,0 ,0 ,0 ,0 ,0 ,0 ,"1,758,600 ",75.28 ,"577,400 ",24.72 ,0 ,0.00 ,0 ,"48,100 ",0 ,0 ,0 ,0 ,0 ,0 ,0 ,0 
2017-08-30,수,1개,"2,218,300 ","30,200 ","2,188,100 ","1,989,662 ","198,438 ",321 ,"6,817 ",321 ,"6,817 ",321 ,0 ,0 ,0 ,"2,188,100 ","414,700 ","11,400 ","1,762,000 ",0 ,0 ,0 ,0 ,0 ,0 ,0 ,0 ,"1,757,000 ",80.30 ,"431,100 ",19.70 ,0 ,0.00 ,0 ,"30,200 ",0 ,0 ,0 ,0 ,0 ,0 ,0 ,0 
2017-08-31,목,1개,"2,247,300 ","32,000 ","2,215,300 ","2,014,364 ","200,936 ",331 ,"6,693 ",331 ,"6,693 ",331 ,0 ,0 ,0 ,"2,215,300 ","486,300 ","5,700 ","1,723,300 ",0 ,0 ,0 ,0 ,0 ,0 ,0 ,0 ,"1,859,600 ",83.94 ,"355,700 ",16.06 ,0 ,0.00 ,0 ,"32,000 ",0 ,0 ,0 ,0 ,0 ,0 ,0 ,0 
2017-09-01,금,1개,"2,344,400 ","36,900 ","2,307,500 ","2,098,229 ","209,271 ",341 ,"6,767 ",341 ,"6,767 ",341 ,0 ,0 ,0 ,"2,307,500 ","604,000 ","8,000 ","1,695,500 ",0 ,0 ,0 ,0 ,0 ,0 ,0 ,0 ,"1,820,500 ",78.89 ,"487,000 ",21.11 ,0 ,0.00 ,0 ,"36,900 ",0 ,0 ,0 ,0 ,0 ,0 ,0 ,0 
2017-09-02,토,1개,"2,969,300 ","70,500 ","2,898,800 ","2,635,860 ","262,940 ",376 ,"7,710 ",376 ,"7,710 ",376 ,0 ,0 ,0 ,"2,898,800 ","704,000 ","23,200 ","2,171,600 ",0 ,0 ,0 ,0 ,0 ,0 ,0 ,0 ,"2,463,200 ",84.97 ,"435,600 ",15.03 ,0 ,0.00 ,0 ,"70,500 ",0 ,0 ,0 ,0 ,0 ,0 ,0 ,0 
2017-09-03,일,1개,"2,704,700 ","109,800 ","2,594,900 ","2,359,567 ","235,333 ",367 ,"7,071 ",367 ,"7,071 ",367 ,0 ,0 ,0 ,"2,594,900 ","727,900 ","20,500 ","1,846,500 ",0 ,0 ,0 ,0 ,0 ,0 ,0 ,0 ,"2,195,900 ",84.62 ,"399,000 ",15.38 ,0 ,0.00 ,0 ,"109,800 ",0 ,0 ,0 ,0 ,0 ,0 ,0 ,0 
2017-09-04,월,1개,"2,026,000 ","57,300 ","1,968,700 ","1,790,173 ","178,527 ",295 ,"6,674 ",295 ,"6,674 ",295 ,0 ,0 ,0 ,"1,968,700 ","573,200 ",0 ,"1,395,500 ",0 ,0 ,0 ,0 ,0 ,0 ,0 ,0 ,"1,587,200 ",80.62 ,"381,500 ",19.38 ,0 ,0.00 ,0 ,"57,300 ",0 ,0 ,0 ,0 ,0 ,0 ,0 ,0 
2017-09-05,화,1개,"2,225,700 ","56,700 ","2,169,000 ","1,972,260 ","196,740 ",316 ,"6,864 ",316 ,"6,864 ",316 ,0 ,0 ,0 ,"2,169,000 ","489,950 ","13,700 ","1,665,350 ",0 ,0 ,0 ,0 ,0 ,0 ,0 ,0 ,"1,631,900 ",75.24 ,"537,100 ",24.76 ,0 ,0.00 ,0 ,"56,700 ",0 ,0 ,0 ,0 ,0 ,0 ,0 ,0 
2017-09-06,수,1개,"2,137,200 ","44,000 ","2,093,200 ","1,903,385 ","189,815 ",310 ,"6,752 ",310 ,"6,752 ",310 ,0 ,0 ,0 ,"2,093,200 ","540,900 ",0 ,"1,552,300 ",0 ,0 ,0 ,0 ,0 ,0 ,0 ,0 ,"1,749,200 ",83.57 ,"344,000 ",16.43 ,0 ,0.00 ,0 ,"44,000 ",0 ,0 ,0 ,0 ,0 ,0 ,0 ,0 
2017-09-07,목,1개,"2,078,500 ","16,200 ","2,062,300 ","1,875,276 ","187,024 ",299 ,"6,897 ",299 ,"6,897 ",299 ,0 ,0 ,0 ,"2,062,300 ","447,500 ","4,200 ","1,610,600 ",0 ,0 ,0 ,0 ,0 ,0 ,0 ,0 ,"1,728,100 ",83.79 ,"334,200 ",16.21 ,0 ,0.00 ,0 ,"16,200 ",0 ,0 ,0 ,0 ,0 ,0 ,0 ,0 
2017-09-08,금,1개,"2,259,400 ","84,800 ","2,174,600 ","1,977,374 ","197,226 ",313 ,"6,948 ",313 ,"6,948 ",313 ,0 ,0 ,0 ,"2,174,600 ","499,100 ","13,400 ","1,662,100 ",0 ,0 ,0 ,0 ,0 ,0 ,0 ,0 ,"1,845,900 ",84.88 ,"328,700 ",15.12 ,0 ,0.00 ,0 ,"84,800 ",0 ,0 ,0 ,0 ,0 ,0 ,0 ,0 
2017-09-09,토,1개,"2,931,000 ","77,500 ","2,853,500 ","2,594,643 ","258,857 ",382 ,"7,470 ",382 ,"7,470 ",382 ,0 ,0 ,0 ,"2,853,500 ","768,400 ","5,000 ","2,080,100 ",0 ,0 ,0 ,0 ,0 ,0 ,0 ,0 ,"2,466,000 ",86.42 ,"387,500 ",13.58 ,0 ,0.00 ,0 ,"77,500 ",0 ,0 ,0 ,0 ,0 ,0 ,0 ,0 
2017-09-10,일,1개,"2,881,600 ","240,900 ","2,640,700 ","2,401,195 ","239,505 ",374 ,"7,061 ",374 ,"7,061 ",374 ,0 ,0 ,0 ,"2,640,700 ","563,500 ","5,000 ","2,072,200 ",0 ,0 ,0 ,0 ,0 ,0 ,0 ,0 ,"2,297,000 ",86.98 ,"343,700 ",13.02 ,0 ,0.00 ,0 ,"240,900 ",0 ,0 ,0 ,0 ,0 ,0 ,0 ,0 
2017-09-11,월,1개,"2,068,100 ","79,100 ","1,989,000 ","1,808,577 ","180,423 ",288 ,"6,906 ",288 ,"6,906 ",288 ,0 ,0 ,0 ,"1,989,000 ","387,600 ","41,500 ","1,559,900 ",0 ,0 ,0 ,0 ,0 ,0 ,0 ,0 ,"1,547,200 ",77.79 ,"441,800 ",22.21 ,0 ,0.00 ,0 ,"79,100 ",0 ,0 ,0 ,0 ,0 ,0 ,0 ,0 
2017-09-12,화,1개,"2,495,000 ","86,200 ","2,408,800 ","2,190,337 ","218,463 ",345 ,"6,982 ",345 ,"6,982 ",345 ,0 ,0 ,0 ,"2,408,800 ","538,700 ",0 ,"1,870,100 ",0 ,0 ,0 ,0 ,0 ,0 ,0 ,0 ,"1,859,000 ",77.18 ,"549,800 ",22.82 ,0 ,0.00 ,0 ,"86,200 ",0 ,0 ,0 ,0 ,0 ,0 ,0 ,0 
2017-09-13,수,1개,"2,212,400 ","32,000 ","2,180,400 ","1,982,642 ","197,758 ",325 ,"6,709 ",325 ,"6,709 ",325 ,0 ,0 ,0 ,"2,180,400 ","710,800 ","28,200 ","1,441,400 ",0 ,0 ,0 ,0 ,0 ,0 ,0 ,0 ,"1,728,000 ",79.25 ,"452,400 ",20.75 ,0 ,0.00 ,0 ,"32,000 ",0 ,0 ,0 ,0 ,0 ,0 ,0 ,0 
2017-09-14,목,1개,"2,113,300 ","82,100 ","2,031,200 ","1,846,961 ","184,239 ",295 ,"6,885 ",295 ,"6,885 ",295 ,0 ,0 ,0 ,"2,031,200 ","552,800 ","3,500 ","1,474,900 ",0 ,0 ,0 ,0 ,0 ,0 ,0 ,0 ,"1,595,500 ",78.55 ,"435,700 ",21.45 ,0 ,0.00 ,0 ,"82,100 ",0 ,0 ,0 ,0 ,0 ,0 ,0 ,0 
2017-09-15,금,1개,"2,298,100 ","62,600 ","2,235,500 ","2,032,756 ","202,744 ",331 ,"6,754 ",331 ,"6,754 ",331 ,0 ,0 ,0 ,"2,235,500 ","550,400 ",0 ,"1,685,100 ",0 ,0 ,0 ,0 ,0 ,0 ,0 ,0 ,"1,827,900 ",81.77 ,"407,600 ",18.23 ,0 ,0.00 ,0 ,"62,600 ",0 ,0 ,0 ,0 ,0 ,0 ,0 ,0 
2017-09-16,토,1개,"2,960,300 ","94,500 ","2,865,800 ","2,605,847 ","259,953 ",389 ,"7,367 ",389 ,"7,367 ",389 ,0 ,0 ,0 ,"2,865,800 ","657,900 ","42,500 ","2,165,400 ",0 ,0 ,0 ,0 ,0 ,0 ,0 ,0 ,"2,426,500 ",84.67 ,"439,300 ",15.33 ,0 ,0.00 ,0 ,"94,500 ",0 ,0 ,0 ,0 ,0 ,0 ,0 ,0 
2017-09-17,일,1개,"2,793,900 ","103,800 ","2,690,100 ","2,446,078 ","244,022 ",356 ,"7,556 ",356 ,"7,556 ",356 ,0 ,0 ,0 ,"2,690,100 ","634,000 ","22,200 ","2,033,900 ",0 ,0 ,0 ,0 ,0 ,0 ,0 ,0 ,"2,170,600 ",80.69 ,"519,500 ",19.31 ,0 ,0.00 ,0 ,"103,800 ",0 ,0 ,0 ,0 ,0 ,0 ,0 ,0 
2017-09-18,월,1개,"2,087,700 ","99,100 ","1,988,600 ","1,808,251 ","180,349 ",293 ,"6,787 ",293 ,"6,787 ",293 ,0 ,0 ,0 ,"1,988,600 ","422,600 ","10,000 ","1,556,000 ",0 ,0 ,0 ,0 ,0 ,0 ,0 ,0 ,"1,718,400 ",86.41 ,"270,200 ",13.59 ,0 ,0.00 ,0 ,"99,100 ",0 ,0 ,0 ,0 ,0 ,0 ,0 ,0 
2017-09-19,화,1개,"2,177,800 ","53,200 ","2,124,600 ","1,931,917 ","192,683 ",320 ,"6,639 ",320 ,"6,639 ",320 ,0 ,0 ,0 ,"2,124,600 ","499,800 ","23,900 ","1,600,900 ",0 ,0 ,0 ,0 ,0 ,0 ,0 ,0 ,"1,657,800 ",78.03 ,"466,800 ",21.97 ,0 ,0.00 ,0 ,"53,200 ",0 ,0 ,0 ,0 ,0 ,0 ,0 ,0 
2017-09-20,수,1개,"1,912,900 ","61,000 ","1,851,900 ","1,683,947 ","167,953 ",287 ,"6,453 ",287 ,"6,453 ",287 ,0 ,0 ,0 ,"1,851,900 ","525,700 ","5,000 ","1,321,200 ",0 ,0 ,0 ,0 ,0 ,0 ,0 ,0 ,"1,580,000 ",85.32 ,"271,900 ",14.68 ,0 ,0.00 ,0 ,"61,000 ",0 ,0 ,0 ,0 ,0 ,0 ,0 ,0 
2017-09-21,목,1개,"2,420,900 ","47,200 ","2,373,700 ","2,158,369 ","215,331 ",330 ,"7,193 ",330 ,"7,193 ",330 ,0 ,0 ,0 ,"2,373,700 ","564,600 ","8,600 ","1,800,500 ",0 ,0 ,0 ,0 ,0 ,0 ,0 ,0 ,"1,890,900 ",79.66 ,"482,800 ",20.34 ,0 ,0.00 ,0 ,"47,200 ",0 ,0 ,0 ,0 ,0 ,0 ,0 ,0 
2017-09-22,금,1개,"2,467,700 ","57,900 ","2,409,800 ","2,191,212 ","218,588 ",337 ,"7,151 ",337 ,"7,151 ",337 ,0 ,0 ,0 ,"2,409,800 ","455,600 ","29,900 ","1,924,300 ",0 ,0 ,0 ,0 ,0 ,0 ,0 ,0 ,"2,039,500 ",84.63 ,"370,300 ",15.37 ,0 ,0.00 ,0 ,"57,900 ",0 ,0 ,0 ,0 ,0 ,0 ,0 ,0 
2017-09-23,토,1개,"2,624,700 ","62,200 ","2,562,500 ","2,330,066 ","232,434 ",340 ,"7,537 ",340 ,"7,537 ",340 ,0 ,0 ,0 ,"2,562,500 ","695,400 ","28,500 ","1,838,600 ",0 ,0 ,0 ,0 ,0 ,0 ,0 ,0 ,"1,983,800 ",77.42 ,"578,700 ",22.58 ,0 ,0.00 ,0 ,"62,200 ",0 ,0 ,0 ,0 ,0 ,0 ,0 ,0 
2017-09-24,일,1개,"2,743,400 ","98,500 ","2,644,900 ","2,404,971 ","239,929 ",347 ,"7,622 ",347 ,"7,622 ",347 ,0 ,0 ,0 ,"2,644,900 ","542,200 ","24,900 ","2,077,800 ",0 ,0 ,0 ,0 ,0 ,0 ,0 ,0 ,"2,239,600 ",84.68 ,"405,300 ",15.32 ,0 ,0.00 ,0 ,"98,500 ",0 ,0 ,0 ,0 ,0 ,0 ,0 ,0 
2017-09-25,월,1개,"2,404,000 ","57,900 ","2,346,100 ","2,133,248 ","212,852 ",324 ,"7,241 ",324 ,"7,241 ",324 ,0 ,0 ,0 ,"2,346,100 ","543,800 ","20,500 ","1,781,800 ",0 ,0 ,0 ,0 ,0 ,0 ,0 ,0 ,"1,826,900 ",77.87 ,"519,200 ",22.13 ,0 ,0.00 ,0 ,"57,900 ",0 ,0 ,0 ,0 ,0 ,0 ,0 ,0 
2017-09-26,화,1개,"2,141,400 ","36,600 ","2,104,800 ","1,913,878 ","190,922 ",317 ,"6,640 ",317 ,"6,640 ",317 ,0 ,0 ,0 ,"2,104,800 ","472,100 ","4,200 ","1,628,500 ",0 ,0 ,0 ,0 ,0 ,0 ,0 ,0 ,"1,643,100 ",78.06 ,"461,700 ",21.94 ,0 ,0.00 ,0 ,"36,600 ",0 ,0 ,0 ,0 ,0 ,0 ,0 ,0 
2017-09-27,수,1개,"2,128,400 ","8,600 ","2,119,800 ","1,927,532 ","192,268 ",317 ,"6,687 ",317 ,"6,687 ",317 ,0 ,0 ,0 ,"2,119,800 ","495,900 ","87,500 ","1,536,400 ",0 ,0 ,0 ,0 ,0 ,0 ,0 ,0 ,"1,665,000 ",78.55 ,"454,800 ",21.45 ,0 ,0.00 ,0 ,"8,600 ",0 ,0 ,0 ,0 ,0 ,0 ,0 ,0 
2017-09-28,목,1개,"2,150,300 ","48,500 ","2,101,800 ","1,911,160 ","190,640 ",302 ,"6,960 ",302 ,"6,960 ",302 ,0 ,0 ,0 ,"2,101,800 ","441,700 ","54,300 ","1,605,800 ",0 ,0 ,0 ,0 ,0 ,0 ,0 ,0 ,"1,587,000 ",75.51 ,"514,800 ",24.49 ,0 ,0.00 ,0 ,"48,500 ",0 ,0 ,0 ,0 ,0 ,0 ,0 ,0 
2017-09-29,금,1개,"2,481,500 ","62,300 ","2,419,200 ","2,199,766 ","219,434 ",342 ,"7,074 ",342 ,"7,074 ",342 ,0 ,0 ,0 ,"2,419,200 ","610,100 ","27,800 ","1,781,300 ",0 ,0 ,0 ,0 ,0 ,0 ,0 ,0 ,"1,858,000 ",76.80 ,"561,200 ",23.20 ,0 ,0.00 ,0 ,"62,300 ",0 ,0 ,0 ,0 ,0 ,0 ,0 ,0 
2017-09-30,토,1개,"2,886,300 ","89,800 ","2,796,500 ","2,542,839 ","253,661 ",367 ,"7,620 ",367 ,"7,620 ",367 ,0 ,0 ,0 ,"2,796,500 ","664,700 ","21,400 ","2,110,400 ",0 ,0 ,0 ,0 ,0 ,0 ,0 ,0 ,"2,334,200 ",83.47 ,"462,300 ",16.53 ,0 ,0.00 ,0 ,"89,800 ",0 ,0 ,0 ,0 ,0 ,0 ,0 ,0 
2017-10-01,일,1개,"2,521,500 ","58,100 ","2,463,400 ","2,239,920 ","223,480 ",308 ,"7,998 ",308 ,"7,998 ",308 ,0 ,0 ,0 ,"2,463,400 ","737,100 ","20,100 ","1,706,200 ",0 ,0 ,0 ,0 ,0 ,0 ,0 ,0 ,"2,102,800 ",85.36 ,"360,600 ",14.64 ,0 ,0.00 ,0 ,"58,100 ",0 ,0 ,0 ,0 ,0 ,0 ,0 ,0 
2017-10-02,월,1개,"2,492,600 ","88,500 ","2,404,100 ","2,185,990 ","218,110 ",324 ,"7,420 ",324 ,"7,420 ",324 ,0 ,0 ,0 ,"2,404,100 ","637,300 ","21,000 ","1,745,800 ",0 ,0 ,0 ,0 ,0 ,0 ,0 ,0 ,"2,004,300 ",83.37 ,"399,800 ",16.63 ,0 ,0.00 ,0 ,"88,500 ",0 ,0 ,0 ,0 ,0 ,0 ,0 ,0 
2017-10-03,화,1개,"1,854,000 ","15,100 ","1,838,900 ","1,672,104 ","166,796 ",232 ,"7,926 ",232 ,"7,926 ",232 ,0 ,0 ,0 ,"1,838,900 ","557,600 ","4,900 ","1,276,400 ",0 ,0 ,0 ,0 ,0 ,0 ,0 ,0 ,"1,510,400 ",82.14 ,"328,500 ",17.86 ,0 ,0.00 ,0 ,"15,100 ",0 ,0 ,0 ,0 ,0 ,0 ,0 ,0 
2017-10-06,금,1개,"2,531,700 ","45,600 ","2,486,100 ","2,260,595 ","225,505 ",324 ,"7,673 ",324 ,"7,673 ",324 ,0 ,0 ,0 ,"2,486,100 ","797,300 ","11,200 ","1,677,600 ",0 ,0 ,0 ,0 ,0 ,0 ,0 ,0 ,"2,115,900 ",85.11 ,"370,200 ",14.89 ,0 ,0.00 ,0 ,"45,600 ",0 ,0 ,0 ,0 ,0 ,0 ,0 ,0 
2017-10-07,토,1개,"2,482,700 ","30,200 ","2,452,500 ","2,230,029 ","222,471 ",318 ,"7,712 ",318 ,"7,712 ",318 ,0 ,0 ,0 ,"2,452,500 ","633,600 ","29,000 ","1,789,900 ",0 ,0 ,0 ,0 ,0 ,0 ,0 ,0 ,"1,945,700 ",79.34 ,"506,800 ",20.66 ,0 ,0.00 ,0 ,"30,200 ",0 ,0 ,0 ,0 ,0 ,0 ,0 ,0 
2017-10-08,일,1개,"2,676,700 ","47,000 ","2,629,700 ","2,391,181 ","238,519 ",343 ,"7,667 ",343 ,"7,667 ",343 ,0 ,0 ,0 ,"2,629,700 ","783,500 ","5,000 ","1,841,200 ",0 ,0 ,0 ,0 ,0 ,0 ,0 ,0 ,"2,174,300 ",82.68 ,"455,400 ",17.32 ,0 ,0.00 ,0 ,"47,000 ",0 ,0 ,0 ,0 ,0 ,0 ,0 ,0 
2017-10-09,월,1개,"2,624,700 ","31,300 ","2,593,400 ","2,358,181 ","235,219 ",357 ,"7,264 ",357 ,"7,264 ",357 ,0 ,0 ,0 ,"2,593,400 ","754,300 ","14,600 ","1,824,500 ",0 ,0 ,0 ,0 ,0 ,0 ,0 ,0 ,"2,129,100 ",82.10 ,"464,300 ",17.90 ,0 ,0.00 ,0 ,"31,300 ",0 ,0 ,0 ,0 ,0 ,0 ,0 ,0 
2017-10-10,화,1개,"1,971,300 ","31,300 ","1,940,000 ","1,764,073 ","175,927 ",307 ,"6,319 ",307 ,"6,319 ",307 ,0 ,0 ,0 ,"1,940,000 ","535,100 ","4,900 ","1,400,000 ",0 ,0 ,0 ,0 ,0 ,0 ,0 ,0 ,"1,618,200 ",83.41 ,"321,800 ",16.59 ,0 ,0.00 ,0 ,"31,300 ",0 ,0 ,0 ,0 ,0 ,0 ,0 ,0 
2017-10-11,수,1개,"2,242,000 ","31,900 ","2,210,100 ","2,009,656 ","200,444 ",337 ,"6,558 ",337 ,"6,558 ",337 ,0 ,0 ,0 ,"2,210,100 ","588,100 ",0 ,"1,622,000 ",0 ,0 ,0 ,0 ,0 ,0 ,0 ,0 ,"1,835,500 ",83.05 ,"374,600 ",16.95 ,0 ,0.00 ,0 ,"31,900 ",0 ,0 ,0 ,0 ,0 ,0 ,0 ,0 
2017-10-12,목,1개,"2,263,100 ","19,000 ","2,244,100 ","2,040,556 ","203,544 ",334 ,"6,719 ",334 ,"6,719 ",334 ,0 ,0 ,0 ,"2,244,100 ","496,700 ","50,700 ","1,696,700 ",0 ,0 ,0 ,0 ,0 ,0 ,0 ,0 ,"1,705,400 ",75.99 ,"538,700 ",24.01 ,0 ,0.00 ,0 ,"19,000 ",0 ,0 ,0 ,0 ,0 ,0 ,0 ,0 
2017-10-13,금,1개,"2,333,900 ",0 ,"2,333,900 ","2,122,270 ","211,630 ",345 ,"6,765 ",345 ,"6,765 ",345 ,0 ,0 ,0 ,"2,333,900 ","666,000 ","4,200 ","1,663,700 ",0 ,0 ,0 ,0 ,0 ,0 ,0 ,0 ,"1,879,000 ",80.51 ,"454,900 ",19.49 ,0 ,0.00 ,0 ,0 ,0 ,0 ,0 ,0 ,0 ,0 ,0 ,0 
2017-10-14,토,1개,"2,563,100 ","81,800 ","2,481,300 ","2,256,258 ","225,042 ",367 ,"6,761 ",367 ,"6,761 ",367 ,0 ,0 ,0 ,"2,481,300 ","546,600 ","5,000 ","1,929,700 ",0 ,0 ,0 ,0 ,0 ,0 ,0 ,0 ,"1,941,400 ",78.24 ,"539,900 ",21.76 ,0 ,0.00 ,0 ,"81,800 ",0 ,0 ,0 ,0 ,0 ,0 ,0 ,0 
2017-10-15,일,1개,"2,725,600 ","76,200 ","2,649,400 ","2,409,066 ","240,334 ",358 ,"7,401 ",358 ,"7,401 ",358 ,0 ,0 ,0 ,"2,649,400 ","779,400 ","19,000 ","1,851,000 ",0 ,0 ,0 ,0 ,0 ,0 ,0 ,0 ,"2,132,800 ",80.50 ,"516,600 ",19.50 ,0 ,0.00 ,0 ,"76,200 ",0 ,0 ,0 ,0 ,0 ,0 ,0 ,0 
2017-10-16,월,1개,"1,895,700 ",0 ,"1,895,700 ","1,723,760 ","171,940 ",283 ,"6,699 ",283 ,"6,699 ",283 ,0 ,0 ,0 ,"1,895,700 ","503,700 ",0 ,"1,392,000 ",0 ,0 ,0 ,0 ,0 ,0 ,0 ,0 ,"1,633,700 ",86.18 ,"262,000 ",13.82 ,0 ,0.00 ,0 ,0 ,0 ,0 ,0 ,0 ,0 ,0 ,0 ,0 
2017-10-17,화,1개,"2,256,600 ",0 ,"2,256,600 ","2,051,923 ","204,677 ",320 ,"7,052 ",320 ,"7,052 ",320 ,0 ,0 ,0 ,"2,256,600 ","522,700 ","13,700 ","1,720,200 ",0 ,0 ,0 ,0 ,0 ,0 ,0 ,0 ,"1,787,800 ",79.23 ,"468,800 ",20.77 ,0 ,0.00 ,0 ,0 ,0 ,0 ,0 ,0 ,0 ,0 ,0 ,0 
2017-10-18,수,1개,"1,951,200 ","26,300 ","1,924,900 ","1,750,307 ","174,593 ",288 ,"6,684 ",288 ,"6,684 ",288 ,0 ,0 ,0 ,"1,924,900 ","517,800 ","5,000 ","1,402,100 ",0 ,0 ,0 ,0 ,0 ,0 ,0 ,0 ,"1,332,700 ",69.23 ,"592,200 ",30.77 ,0 ,0.00 ,0 ,"26,300 ",0 ,0 ,0 ,0 ,0 ,0 ,0 ,0 
2017-10-19,목,1개,"2,007,800 ",0 ,"2,007,800 ","1,825,716 ","182,084 ",288 ,"6,972 ",288 ,"6,972 ",288 ,0 ,0 ,0 ,"2,007,800 ","518,300 ","13,000 ","1,476,500 ",0 ,0 ,0 ,0 ,0 ,0 ,0 ,0 ,"1,587,300 ",79.06 ,"420,500 ",20.94 ,0 ,0.00 ,0 ,0 ,0 ,0 ,0 ,0 ,0 ,0 ,0 ,0 
2017-10-20,금,1개,"2,140,500 ","19,500 ","2,121,000 ","1,928,629 ","192,371 ",304 ,"6,977 ",304 ,"6,977 ",304 ,0 ,0 ,0 ,"2,121,000 ","512,200 ","7,000 ","1,601,800 ",0 ,0 ,0 ,0 ,0 ,0 ,0 ,0 ,"1,647,000 ",77.65 ,"474,000 ",22.35 ,0 ,0.00 ,0 ,"19,500 ",0 ,0 ,0 ,0 ,0 ,0 ,0 ,0 
2017-10-21,토,1개,"2,830,500 ","136,800 ","2,693,700 ","2,449,473 ","244,227 ",386 ,"6,978 ",386 ,"6,978 ",386 ,0 ,0 ,0 ,"2,693,700 ","676,400 ","38,600 ","1,978,700 ",0 ,0 ,0 ,0 ,0 ,0 ,0 ,0 ,"2,130,400 ",79.09 ,"563,300 ",20.91 ,0 ,0.00 ,0 ,"136,800 ",0 ,0 ,0 ,0 ,0 ,0 ,0 ,0 
2017-10-22,일,1개,"2,943,800 ","62,400 ","2,881,400 ","2,620,036 ","261,364 ",389 ,"7,407 ",389 ,"7,407 ",389 ,0 ,0 ,0 ,"2,881,400 ","721,600 ","45,000 ","2,114,800 ",0 ,0 ,0 ,0 ,0 ,0 ,0 ,0 ,"2,454,200 ",85.17 ,"427,200 ",14.83 ,0 ,0.00 ,0 ,"62,400 ",0 ,0 ,0 ,0 ,0 ,0 ,0 ,0 
2017-10-23,월,1개,"2,125,600 ","15,600 ","2,110,000 ","1,918,628 ","191,372 ",322 ,"6,553 ",322 ,"6,553 ",322 ,0 ,0 ,0 ,"2,110,000 ","496,500 ","13,500 ","1,600,000 ",0 ,0 ,0 ,0 ,0 ,0 ,0 ,0 ,"1,674,200 ",79.35 ,"435,800 ",20.65 ,0 ,0.00 ,0 ,"15,600 ",0 ,0 ,0 ,0 ,0 ,0 ,0 ,0 
2017-10-24,화,1개,"2,114,400 ",0 ,"2,114,400 ","1,922,638 ","191,762 ",309 ,"6,843 ",309 ,"6,843 ",309 ,0 ,0 ,0 ,"2,114,400 ","440,300 ","9,700 ","1,664,400 ",0 ,0 ,0 ,0 ,0 ,0 ,0 ,0 ,"1,686,600 ",79.77 ,"427,800 ",20.23 ,0 ,0.00 ,0 ,0 ,0 ,0 ,0 ,0 ,0 ,0 ,0 ,0 
2017-10-25,수,1개,"2,193,200 ","45,700 ","2,147,500 ","1,952,736 ","194,764 ",327 ,"6,567 ",327 ,"6,567 ",327 ,0 ,0 ,0 ,"2,147,500 ","369,100 ","39,200 ","1,739,200 ",0 ,0 ,0 ,0 ,0 ,0 ,0 ,0 ,"1,654,800 ",77.06 ,"492,700 ",22.94 ,0 ,0.00 ,0 ,"45,700 ",0 ,0 ,0 ,0 ,0 ,0 ,0 ,0 
2017-10-26,목,1개,"2,132,800 ","15,400 ","2,117,400 ","1,925,332 ","192,068 ",317 ,"6,679 ",317 ,"6,679 ",317 ,0 ,0 ,0 ,"2,117,400 ","443,400 ",0 ,"1,674,000 ",0 ,0 ,0 ,0 ,0 ,0 ,0 ,0 ,"1,649,500 ",77.90 ,"467,900 ",22.10 ,0 ,0.00 ,0 ,"15,400 ",0 ,0 ,0 ,0 ,0 ,0 ,0 ,0 
2017-10-27,금,1개,"2,246,300 ","15,400 ","2,230,900 ","2,028,583 ","202,317 ",323 ,"6,907 ",323 ,"6,907 ",323 ,0 ,0 ,0 ,"2,230,900 ","568,000 ","19,000 ","1,643,900 ",0 ,0 ,0 ,0 ,0 ,0 ,0 ,0 ,"1,888,000 ",84.63 ,"342,900 ",15.37 ,0 ,0.00 ,0 ,"15,400 ",0 ,0 ,0 ,0 ,0 ,0 ,0 ,0 
2017-10-28,토,1개,"2,755,600 ","48,900 ","2,706,700 ","2,461,215 ","245,485 ",367 ,"7,375 ",367 ,"7,375 ",367 ,0 ,0 ,0 ,"2,706,700 ","742,800 ","24,300 ","1,939,600 ",0 ,0 ,0 ,0 ,0 ,0 ,0 ,0 ,"2,077,200 ",76.74 ,"629,500 ",23.26 ,0 ,0.00 ,0 ,"48,900 ",0 ,0 ,0 ,0 ,0 ,0 ,0 ,0 
2017-10-29,일,1개,"2,757,700 ","79,600 ","2,678,100 ","2,435,190 ","242,910 ",354 ,"7,565 ",354 ,"7,565 ",354 ,0 ,0 ,0 ,"2,678,100 ","769,200 ","8,500 ","1,900,400 ",0 ,0 ,0 ,0 ,0 ,0 ,0 ,0 ,"2,263,900 ",84.53 ,"414,200 ",15.47 ,0 ,0.00 ,0 ,"79,600 ",0 ,0 ,0 ,0 ,0 ,0 ,0 ,0 
2017-10-30,월,1개,"1,873,000 ","31,400 ","1,841,600 ","1,674,561 ","167,039 ",284 ,"6,485 ",284 ,"6,485 ",284 ,0 ,0 ,0 ,"1,841,600 ","422,300 ","5,600 ","1,413,700 ",0 ,0 ,0 ,0 ,0 ,0 ,0 ,0 ,"1,357,800 ",73.73 ,"483,800 ",26.27 ,0 ,0.00 ,0 ,"31,400 ",0 ,0 ,0 ,0 ,0 ,0 ,0 ,0 
2017-10-31,화,1개,"2,339,300 ","30,400 ","2,308,900 ","2,099,495 ","209,405 ",328 ,"7,039 ",328 ,"7,039 ",328 ,0 ,0 ,0 ,"2,308,900 ","569,600 ","50,100 ","1,689,200 ",0 ,0 ,0 ,0 ,0 ,0 ,0 ,0 ,"1,799,900 ",77.95 ,"509,000 ",22.05 ,0 ,0.00 ,0 ,"30,400 ",0 ,0 ,0 ,0 ,0 ,0 ,0 ,0 
2017-11-01,수,1개,"2,206,800 ","30,700 ","2,176,100 ","1,978,763 ","197,337 ",333 ,"6,535 ",333 ,"6,535 ",333 ,0 ,0 ,0 ,"2,176,100 ","489,600 ","29,800 ","1,656,700 ",0 ,0 ,0 ,0 ,0 ,0 ,0 ,0 ,"1,700,800 ",78.16 ,"475,300 ",21.84 ,0 ,0.00 ,0 ,"30,700 ",0 ,0 ,0 ,0 ,0 ,0 ,0 ,0 
2017-11-02,목,1개,"2,146,800 ",0 ,"2,146,800 ","1,952,086 ","194,714 ",304 ,"7,062 ",304 ,"7,062 ",304 ,0 ,0 ,0 ,"2,146,800 ","552,100 ","63,400 ","1,531,300 ",0 ,0 ,0 ,0 ,0 ,0 ,0 ,0 ,"1,680,500 ",78.28 ,"466,300 ",21.72 ,0 ,0.00 ,0 ,0 ,0 ,0 ,0 ,0 ,0 ,0 ,0 ,0 
2017-11-03,금,1개,"2,193,800 ",0 ,"2,193,800 ","1,994,776 ","199,024 ",306 ,"7,169 ",306 ,"7,169 ",306 ,0 ,0 ,0 ,"2,193,800 ","462,500 ","25,900 ","1,705,400 ",0 ,0 ,0 ,0 ,0 ,0 ,0 ,0 ,"1,808,600 ",82.44 ,"385,200 ",17.56 ,0 ,0.00 ,0 ,0 ,0 ,0 ,0 ,0 ,0 ,0 ,0 ,0 
2017-11-04,토,1개,"2,573,100 ","15,200 ","2,557,900 ","2,325,880 ","232,020 ",345 ,"7,414 ",345 ,"7,414 ",345 ,0 ,0 ,0 ,"2,557,900 ","667,900 ","28,600 ","1,861,400 ",0 ,0 ,0 ,0 ,0 ,0 ,0 ,0 ,"2,003,700 ",78.33 ,"554,200 ",21.67 ,0 ,0.00 ,0 ,"15,200 ",0 ,0 ,0 ,0 ,0 ,0 ,0 ,0 
2017-11-05,일,1개,"2,945,000 ","76,900 ","2,868,100 ","2,607,941 ","260,159 ",375 ,"7,648 ",375 ,"7,648 ",375 ,0 ,0 ,0 ,"2,868,100 ","634,400 ","35,300 ","2,198,400 ",0 ,0 ,0 ,0 ,0 ,0 ,0 ,0 ,"2,247,400 ",78.36 ,"620,700 ",21.64 ,0 ,0.00 ,0 ,"76,900 ",0 ,0 ,0 ,0 ,0 ,0 ,0 ,0 
2017-11-06,월,1개,"2,215,000 ","15,000 ","2,200,000 ","2,000,476 ","199,524 ",331 ,"6,647 ",331 ,"6,647 ",331 ,0 ,0 ,0 ,"2,200,000 ","561,100 ","23,900 ","1,615,000 ",0 ,0 ,0 ,0 ,0 ,0 ,0 ,0 ,"1,849,500 ",84.07 ,"350,500 ",15.93 ,0 ,0.00 ,0 ,"15,000 ",0 ,0 ,0 ,0 ,0 ,0 ,0 ,0 
2017-11-07,화,1개,"2,224,300 ","61,500 ","2,162,800 ","1,966,624 ","196,176 ",326 ,"6,634 ",326 ,"6,634 ",326 ,0 ,0 ,0 ,"2,162,800 ","470,100 ","12,600 ","1,680,100 ",0 ,0 ,0 ,0 ,0 ,0 ,0 ,0 ,"1,759,900 ",81.37 ,"402,900 ",18.63 ,0 ,0.00 ,0 ,"61,500 ",0 ,0 ,0 ,0 ,0 ,0 ,0 ,0 
2017-11-08,수,1개,"2,167,500 ","15,200 ","2,152,300 ","1,957,092 ","195,208 ",324 ,"6,643 ",324 ,"6,643 ",324 ,0 ,0 ,0 ,"2,152,300 ","481,800 ","14,300 ","1,656,200 ",0 ,0 ,0 ,0 ,0 ,0 ,0 ,0 ,"1,577,000 ",73.27 ,"575,300 ",26.73 ,0 ,0.00 ,0 ,"15,200 ",0 ,0 ,0 ,0 ,0 ,0 ,0 ,0 
2017-11-09,목,1개,"1,961,900 ","30,300 ","1,931,600 ","1,756,383 ","175,217 ",294 ,"6,570 ",294 ,"6,570 ",294 ,0 ,0 ,0 ,"1,931,600 ","363,000 ","50,700 ","1,517,900 ",0 ,0 ,0 ,0 ,0 ,0 ,0 ,0 ,"1,461,800 ",75.68 ,"469,800 ",24.32 ,0 ,0.00 ,0 ,"30,300 ",0 ,0 ,0 ,0 ,0 ,0 ,0 ,0 
2017-11-10,금,1개,"2,377,400 ","30,100 ","2,347,300 ","2,134,405 ","212,895 ",319 ,"7,358 ",319 ,"7,358 ",319 ,0 ,0 ,0 ,"2,347,300 ","448,300 ","13,800 ","1,885,200 ",0 ,0 ,0 ,0 ,0 ,0 ,0 ,0 ,"1,909,200 ",81.34 ,"438,100 ",18.66 ,0 ,0.00 ,0 ,"30,100 ",0 ,0 ,0 ,0 ,0 ,0 ,0 ,0 
2017-11-11,토,1개,"2,653,600 ","30,000 ","2,623,600 ","2,385,602 ","237,998 ",354 ,"7,411 ",354 ,"7,411 ",354 ,0 ,0 ,0 ,"2,623,600 ","574,600 ",0 ,"2,049,000 ",0 ,0 ,0 ,0 ,0 ,0 ,0 ,0 ,"2,143,600 ",81.70 ,"480,000 ",18.30 ,0 ,0.00 ,"30,000 ",0 ,0 ,0 ,0 ,0 ,0 ,0 ,0 ,0 
2017-11-12,일,1개,"2,705,300 ","17,300 ","2,688,000 ","2,444,184 ","243,816 ",336 ,"8,000 ",336 ,"8,000 ",336 ,0 ,0 ,0 ,"2,688,000 ","605,900 ",0 ,"2,082,100 ",0 ,0 ,0 ,0 ,0 ,0 ,0 ,0 ,"2,163,700 ",80.49 ,"524,300 ",19.51 ,0 ,0.00 ,0 ,"17,300 ",0 ,0 ,0 ,0 ,0 ,0 ,0 ,0 
2017-11-13,월,1개,"1,828,100 ","15,400 ","1,812,700 ","1,648,318 ","164,382 ",266 ,"6,815 ",266 ,"6,815 ",266 ,0 ,0 ,0 ,"1,812,700 ","446,100 ","9,800 ","1,356,800 ",0 ,0 ,0 ,0 ,0 ,0 ,0 ,0 ,"1,455,600 ",80.30 ,"357,100 ",19.70 ,0 ,0.00 ,0 ,"15,400 ",0 ,0 ,0 ,0 ,0 ,0 ,0 ,0 
2017-11-14,화,1개,"2,443,400 ","83,900 ","2,359,500 ","2,145,506 ","213,994 ",357 ,"6,609 ",357 ,"6,609 ",357 ,0 ,0 ,0 ,"2,359,500 ","589,000 ","10,200 ","1,760,300 ",0 ,0 ,0 ,0 ,0 ,0 ,0 ,0 ,"1,861,400 ",78.89 ,"498,100 ",21.11 ,0 ,0.00 ,0 ,"83,900 ",0 ,0 ,0 ,0 ,0 ,0 ,0 ,0 
2017-11-15,수,1개,"2,205,300 ","85,200 ","2,120,100 ","1,927,823 ","192,277 ",308 ,"6,883 ",308 ,"6,883 ",308 ,0 ,0 ,0 ,"2,120,100 ","471,900 ","12,000 ","1,636,200 ",0 ,0 ,0 ,0 ,0 ,0 ,0 ,0 ,"1,642,700 ",77.48 ,"477,400 ",22.52 ,0 ,0.00 ,0 ,"85,200 ",0 ,0 ,0 ,0 ,0 ,0 ,0 ,0 
2017-11-16,목,1개,"2,128,700 ","30,600 ","2,098,100 ","1,907,791 ","190,309 ",300 ,"6,994 ",300 ,"6,994 ",300 ,0 ,0 ,0 ,"2,098,100 ","413,600 ",0 ,"1,684,500 ",0 ,0 ,0 ,0 ,0 ,0 ,0 ,0 ,"1,557,300 ",74.22 ,"540,800 ",25.78 ,0 ,0.00 ,0 ,"30,600 ",0 ,0 ,0 ,0 ,0 ,0 ,0 ,0 
2017-11-17,금,1개,"2,153,300 ",0 ,"2,153,300 ","1,957,988 ","195,312 ",307 ,"7,014 ",307 ,"7,014 ",307 ,0 ,0 ,0 ,"2,153,300 ","402,800 ","10,100 ","1,740,400 ",0 ,0 ,0 ,0 ,0 ,0 ,0 ,0 ,"1,665,000 ",77.32 ,"488,300 ",22.68 ,0 ,0.00 ,0 ,0 ,0 ,0 ,0 ,0 ,0 ,0 ,0 ,0 
2017-11-18,토,1개,"2,425,400 ","46,600 ","2,378,800 ","2,163,033 ","215,767 ",324 ,"7,342 ",324 ,"7,342 ",324 ,0 ,0 ,0 ,"2,378,800 ","579,000 ","36,900 ","1,762,900 ",0 ,0 ,0 ,0 ,0 ,0 ,0 ,0 ,"1,958,200 ",82.32 ,"420,600 ",17.68 ,0 ,0.00 ,0 ,"46,600 ",0 ,0 ,0 ,0 ,0 ,0 ,0 ,0 
2017-11-19,일,1개,"2,283,300 ",0 ,"2,283,300 ","2,076,188 ","207,112 ",308 ,"7,413 ",308 ,"7,413 ",308 ,0 ,0 ,0 ,"2,283,300 ","479,300 ","9,500 ","1,794,500 ",0 ,0 ,0 ,0 ,0 ,0 ,0 ,0 ,"1,849,600 ",81.01 ,"433,700 ",18.99 ,0 ,0.00 ,0 ,0 ,0 ,0 ,0 ,0 ,0 ,0 ,0 ,0 
2017-11-20,월,1개,"1,923,200 ",0 ,"1,923,200 ","1,748,793 ","174,407 ",292 ,"6,586 ",292 ,"6,586 ",292 ,0 ,0 ,0 ,"1,923,200 ","489,800 ","12,200 ","1,421,200 ",0 ,0 ,0 ,0 ,0 ,0 ,0 ,0 ,"1,544,600 ",80.31 ,"378,600 ",19.69 ,0 ,0.00 ,0 ,0 ,0 ,0 ,0 ,0 ,0 ,0 ,0 ,0 
2017-11-21,화,1개,"2,137,400 ","53,800 ","2,083,600 ","1,894,598 ","189,002 ",301 ,"6,922 ",301 ,"6,922 ",301 ,0 ,0 ,0 ,"2,083,600 ","487,600 ","5,000 ","1,591,000 ",0 ,0 ,0 ,0 ,0 ,0 ,0 ,0 ,"1,521,500 ",73.02 ,"562,100 ",26.98 ,0 ,0.00 ,0 ,"53,800 ",0 ,0 ,0 ,0 ,0 ,0 ,0 ,0 
2017-11-22,수,1개,"2,256,200 ","15,200 ","2,241,000 ","2,037,735 ","203,265 ",323 ,"6,938 ",323 ,"6,938 ",323 ,0 ,0 ,0 ,"2,241,000 ","611,600 ","30,900 ","1,598,500 ",0 ,0 ,0 ,0 ,0 ,0 ,0 ,0 ,"1,691,000 ",75.46 ,"550,000 ",24.54 ,0 ,0.00 ,0 ,"15,200 ",0 ,0 ,0 ,0 ,0 ,0 ,0 ,0 
2017-11-23,목,1개,"2,038,600 ","15,600 ","2,023,000 ","1,839,520 ","183,480 ",299 ,"6,766 ",299 ,"6,766 ",299 ,0 ,0 ,0 ,"2,023,000 ","400,500 ","40,600 ","1,581,900 ",0 ,0 ,0 ,0 ,0 ,0 ,0 ,0 ,"1,526,900 ",75.48 ,"496,100 ",24.52 ,0 ,0.00 ,0 ,"15,600 ",0 ,0 ,0 ,0 ,0 ,0 ,0 ,0 
2017-11-24,금,1개,"2,258,100 ",0 ,"2,258,100 ","2,053,291 ","204,809 ",307 ,"7,355 ",307 ,"7,355 ",307 ,0 ,0 ,0 ,"2,258,100 ","391,400 ","6,500 ","1,860,200 ",0 ,0 ,0 ,0 ,0 ,0 ,0 ,0 ,"1,826,000 ",80.86 ,"432,100 ",19.14 ,0 ,0.00 ,0 ,0 ,0 ,0 ,0 ,0 ,0 ,0 ,0 ,0 
2017-11-25,토,1개,"2,240,500 ","28,500 ","2,212,000 ","2,011,364 ","200,636 ",307 ,"7,205 ",307 ,"7,205 ",307 ,0 ,0 ,0 ,"2,212,000 ","568,000 ","28,400 ","1,615,600 ",0 ,0 ,0 ,0 ,0 ,0 ,0 ,0 ,"1,866,400 ",84.38 ,"345,600 ",15.62 ,0 ,0.00 ,0 ,"28,500 ",0 ,0 ,0 ,0 ,0 ,0 ,0 ,0 
2017-11-26,일,1개,"2,561,100 ","15,600 ","2,545,500 ","2,314,611 ","230,889 ",329 ,"7,737 ",329 ,"7,737 ",329 ,0 ,0 ,0 ,"2,545,500 ","526,600 ","17,200 ","2,001,700 ",0 ,0 ,0 ,0 ,0 ,0 ,0 ,0 ,"2,069,900 ",81.32 ,"475,600 ",18.68 ,0 ,0.00 ,0 ,"15,600 ",0 ,0 ,0 ,0 ,0 ,0 ,0 ,0 
2017-11-27,월,1개,"1,974,700 ",0 ,"1,974,700 ","1,795,647 ","179,053 ",302 ,"6,539 ",302 ,"6,539 ",302 ,0 ,0 ,0 ,"1,974,700 ","434,000 ",0 ,"1,540,700 ",0 ,0 ,0 ,0 ,0 ,0 ,0 ,0 ,"1,609,200 ",81.49 ,"365,500 ",18.51 ,0 ,0.00 ,0 ,0 ,0 ,0 ,0 ,0 ,0 ,0 ,0 ,0 
2017-11-28,화,1개,"2,234,100 ","30,300 ","2,203,800 ","2,003,926 ","199,874 ",317 ,"6,952 ",317 ,"6,952 ",317 ,0 ,0 ,0 ,"2,203,800 ","445,800 ","12,200 ","1,745,800 ",0 ,0 ,0 ,0 ,0 ,0 ,0 ,0 ,"1,700,000 ",77.14 ,"503,800 ",22.86 ,0 ,0.00 ,0 ,"30,300 ",0 ,0 ,0 ,0 ,0 ,0 ,0 ,0 
2017-11-29,수,1개,"2,141,800 ",0 ,"2,141,800 ","1,947,543 ","194,257 ",308 ,"6,954 ",308 ,"6,954 ",308 ,0 ,0 ,0 ,"2,141,800 ","512,500 ","17,700 ","1,611,600 ",0 ,0 ,0 ,0 ,0 ,0 ,0 ,0 ,"1,636,000 ",76.38 ,"505,800 ",23.62 ,0 ,0.00 ,0 ,0 ,0 ,0 ,0 ,0 ,0 ,0 ,0 ,0 
2017-11-30,목,1개,"1,992,900 ","35,300 ","1,957,600 ","1,780,006 ","177,594 ",271 ,"7,224 ",271 ,"7,224 ",271 ,0 ,0 ,0 ,"1,957,600 ","468,200 ","5,000 ","1,484,400 ",0 ,0 ,0 ,0 ,0 ,0 ,0 ,0 ,"1,477,400 ",75.47 ,"480,200 ",24.53 ,0 ,0.00 ,0 ,"35,300 ",0 ,0 ,0 ,0 ,0 ,0 ,0 ,0 
2017-12-01,금,1개,"2,166,400 ","37,800 ","2,128,600 ","1,935,514 ","193,086 ",284 ,"7,495 ",284 ,"7,495 ",284 ,0 ,0 ,0 ,"2,128,600 ","304,200 ","15,500 ","1,808,900 ",0 ,0 ,0 ,0 ,0 ,0 ,0 ,0 ,"1,716,800 ",80.65 ,"411,800 ",19.35 ,0 ,0.00 ,0 ,"37,800 ",0 ,0 ,0 ,0 ,0 ,0 ,0 ,0 
2017-12-02,토,1개,"2,345,700 ","50,700 ","2,295,000 ","2,086,811 ","208,189 ",302 ,"7,599 ",302 ,"7,599 ",302 ,0 ,0 ,0 ,"2,295,000 ","544,200 ","3,000 ","1,747,800 ",0 ,0 ,0 ,0 ,0 ,0 ,0 ,0 ,"1,990,000 ",86.71 ,"305,000 ",13.29 ,0 ,0.00 ,0 ,"50,700 ",0 ,0 ,0 ,0 ,0 ,0 ,0 ,0 
2017-12-03,일,1개,"2,301,200 ",0 ,"2,301,200 ","2,092,432 ","208,768 ",291 ,"7,908 ",291 ,"7,908 ",291 ,0 ,0 ,0 ,"2,301,200 ","609,800 ","51,300 ","1,640,100 ",0 ,0 ,0 ,0 ,0 ,0 ,0 ,0 ,"1,944,600 ",84.50 ,"356,600 ",15.50 ,0 ,0.00 ,0 ,0 ,0 ,0 ,0 ,0 ,0 ,0 ,0 ,0 
2017-12-04,월,1개,"1,719,500 ","31,000 ","1,688,500 ","1,535,345 ","153,155 ",251 ,"6,727 ",251 ,"6,727 ",251 ,0 ,0 ,0 ,"1,688,500 ","340,500 ","6,500 ","1,341,500 ",0 ,0 ,0 ,0 ,0 ,0 ,0 ,0 ,"1,316,600 ",77.97 ,"371,900 ",22.03 ,0 ,0.00 ,0 ,"31,000 ",0 ,0 ,0 ,0 ,0 ,0 ,0 ,0 
2017-12-05,화,1개,"2,005,800 ","15,100 ","1,990,700 ","1,810,166 ","180,534 ",291 ,"6,841 ",291 ,"6,841 ",291 ,0 ,0 ,0 ,"1,990,700 ","433,600 ","11,000 ","1,546,100 ",0 ,0 ,0 ,0 ,0 ,0 ,0 ,0 ,"1,543,400 ",77.53 ,"447,300 ",22.47 ,0 ,0.00 ,0 ,"15,100 ",0 ,0 ,0 ,0 ,0 ,0 ,0 ,0 
2017-12-06,수,1개,"2,209,500 ",0 ,"2,209,500 ","2,009,024 ","200,476 ",303 ,"7,292 ",303 ,"7,292 ",303 ,0 ,0 ,0 ,"2,209,500 ","459,600 ",0 ,"1,749,900 ",0 ,0 ,0 ,0 ,0 ,0 ,0 ,0 ,"1,581,500 ",71.58 ,"628,000 ",28.42 ,0 ,0.00 ,0 ,0 ,0 ,0 ,0 ,0 ,0 ,0 ,0 ,0 
2017-12-07,목,1개,"2,118,400 ",0 ,"2,118,400 ","1,926,302 ","192,098 ",323 ,"6,559 ",323 ,"6,559 ",323 ,0 ,0 ,0 ,"2,118,400 ","473,500 ","14,000 ","1,630,900 ",0 ,0 ,0 ,0 ,0 ,0 ,0 ,0 ,"1,647,900 ",77.79 ,"470,500 ",22.21 ,0 ,0.00 ,0 ,0 ,0 ,0 ,0 ,0 ,0 ,0 ,0 ,0 
2017-12-08,금,1개,"2,133,400 ",0 ,"2,133,400 ","1,939,860 ","193,540 ",298 ,"7,159 ",298 ,"7,159 ",298 ,0 ,0 ,0 ,"2,133,400 ","508,200 ","12,100 ","1,613,100 ",0 ,0 ,0 ,0 ,0 ,0 ,0 ,0 ,"1,638,500 ",76.80 ,"494,900 ",23.20 ,0 ,0.00 ,0 ,0 ,0 ,0 ,0 ,0 ,0 ,0 ,0 ,0 
2017-12-09,토,1개,"2,800,900 ","31,400 ","2,769,500 ","2,518,274 ","251,226 ",348 ,"7,958 ",348 ,"7,958 ",348 ,0 ,0 ,0 ,"2,769,500 ","709,800 ","9,500 ","2,050,200 ",0 ,0 ,0 ,0 ,0 ,0 ,0 ,0 ,"2,293,500 ",82.81 ,"476,000 ",17.19 ,0 ,0.00 ,0 ,"31,400 ",0 ,0 ,0 ,0 ,0 ,0 ,0 ,0 
2017-12-10,일,1개,"2,319,300 ",0 ,"2,319,300 ","2,108,942 ","210,358 ",302 ,"7,680 ",302 ,"7,680 ",302 ,0 ,0 ,0 ,"2,319,300 ","553,000 ","10,100 ","1,756,200 ",0 ,0 ,0 ,0 ,0 ,0 ,0 ,0 ,"1,880,100 ",81.06 ,"439,200 ",18.94 ,0 ,0.00 ,0 ,0 ,0 ,0 ,0 ,0 ,0 ,0 ,0 ,0 
2017-12-11,월,1개,"1,891,100 ",0 ,"1,891,100 ","1,719,602 ","171,498 ",270 ,"7,004 ",270 ,"7,004 ",270 ,0 ,0 ,0 ,"1,891,100 ","374,700 ","17,900 ","1,498,500 ",0 ,0 ,0 ,0 ,0 ,0 ,0 ,0 ,"1,532,500 ",81.04 ,"358,600 ",18.96 ,0 ,0.00 ,0 ,0 ,0 ,0 ,0 ,0 ,0 ,0 ,0 ,0 
2017-12-12,화,1개,"2,340,000 ",0 ,"2,340,000 ","2,127,766 ","212,234 ",340 ,"6,882 ",340 ,"6,882 ",340 ,0 ,0 ,0 ,"2,340,000 ","579,000 ","22,000 ","1,739,000 ",0 ,0 ,0 ,0 ,0 ,0 ,0 ,0 ,"1,750,800 ",74.82 ,"589,200 ",25.18 ,0 ,0.00 ,0 ,0 ,0 ,0 ,0 ,0 ,0 ,0 ,0 ,0 
2017-12-13,수,1개,"2,333,300 ","31,000 ","2,302,300 ","2,093,500 ","208,800 ",336 ,"6,852 ",336 ,"6,852 ",336 ,0 ,0 ,0 ,"2,302,300 ","512,700 ","18,700 ","1,770,900 ",0 ,0 ,0 ,0 ,0 ,0 ,0 ,0 ,"1,774,800 ",77.09 ,"527,500 ",22.91 ,0 ,0.00 ,0 ,"31,000 ",0 ,0 ,0 ,0 ,0 ,0 ,0 ,0 
2017-12-14,목,1개,"2,111,200 ",0 ,"2,111,200 ","1,919,681 ","191,519 ",289 ,"7,305 ",289 ,"7,305 ",289 ,0 ,0 ,0 ,"2,111,200 ","367,300 ",0 ,"1,743,900 ",0 ,0 ,0 ,0 ,0 ,0 ,0 ,0 ,"1,598,600 ",75.72 ,"512,600 ",24.28 ,0 ,0.00 ,0 ,0 ,0 ,0 ,0 ,0 ,0 ,0 ,0 ,0 
2017-12-15,금,1개,"2,216,800 ",0 ,"2,216,800 ","2,015,720 ","201,080 ",317 ,"6,993 ",317 ,"6,993 ",317 ,0 ,0 ,0 ,"2,216,800 ","455,100 ",0 ,"1,761,700 ",0 ,0 ,0 ,0 ,0 ,0 ,0 ,0 ,"1,741,400 ",78.55 ,"475,400 ",21.45 ,0 ,0.00 ,0 ,0 ,0 ,0 ,0 ,0 ,0 ,0 ,0 ,0 
2017-12-16,토,1개,"2,291,500 ","15,800 ","2,275,700 ","2,069,313 ","206,387 ",314 ,"7,247 ",314 ,"7,247 ",314 ,0 ,0 ,0 ,"2,275,700 ","558,100 ","30,700 ","1,686,900 ",0 ,0 ,0 ,0 ,0 ,0 ,0 ,0 ,"1,924,600 ",84.57 ,"351,100 ",15.43 ,0 ,0.00 ,0 ,"15,800 ",0 ,0 ,0 ,0 ,0 ,0 ,0 ,0 
2017-12-17,일,1개,"2,272,000 ",0 ,"2,272,000 ","2,065,949 ","206,051 ",320 ,"7,100 ",320 ,"7,100 ",320 ,0 ,0 ,0 ,"2,272,000 ","449,400 ","21,100 ","1,801,500 ",0 ,0 ,0 ,0 ,0 ,0 ,0 ,0 ,"2,003,600 ",88.19 ,"268,400 ",11.81 ,0 ,0.00 ,0 ,0 ,0 ,0 ,0 ,0 ,0 ,0 ,0 ,0 
2017-12-18,월,1개,"2,187,300 ",0 ,"2,187,300 ","1,988,918 ","198,382 ",314 ,"6,966 ",314 ,"6,966 ",314 ,0 ,0 ,0 ,"2,187,300 ","527,700 ","23,500 ","1,636,100 ",0 ,0 ,0 ,0 ,0 ,0 ,0 ,0 ,"1,726,200 ",78.92 ,"461,100 ",21.08 ,0 ,0.00 ,0 ,0 ,0 ,0 ,0 ,0 ,0 ,0 ,0 ,0 
2017-12-19,화,1개,"2,252,100 ",0 ,"2,252,100 ","2,047,784 ","204,316 ",325 ,"6,930 ",325 ,"6,930 ",325 ,0 ,0 ,0 ,"2,252,100 ","535,300 ","9,500 ","1,707,300 ",0 ,0 ,0 ,0 ,0 ,0 ,0 ,0 ,"1,785,800 ",79.29 ,"466,300 ",20.71 ,0 ,0.00 ,0 ,0 ,0 ,0 ,0 ,0 ,0 ,0 ,0 ,0 
2017-12-20,수,1개,"2,160,800 ","15,100 ","2,145,700 ","1,951,071 ","194,629 ",304 ,"7,058 ",304 ,"7,058 ",304 ,0 ,0 ,0 ,"2,145,700 ","410,800 ","11,600 ","1,723,300 ",0 ,0 ,0 ,0 ,0 ,0 ,0 ,0 ,"1,598,000 ",74.47 ,"547,700 ",25.53 ,0 ,0.00 ,0 ,"15,100 ",0 ,0 ,0 ,0 ,0 ,0 ,0 ,0 
2017-12-21,목,1개,"1,918,700 ",700 ,"1,918,000 ","1,744,062 ","173,938 ",289 ,"6,637 ",289 ,"6,637 ",289 ,0 ,0 ,0 ,"1,918,000 ","385,800 ",0 ,"1,532,200 ",0 ,0 ,0 ,0 ,0 ,0 ,0 ,0 ,"1,539,100 ",80.25 ,"378,900 ",19.75 ,0 ,0.00 ,0 ,700 ,0 ,0 ,0 ,0 ,0 ,0 ,0 ,0 
2017-12-22,금,1개,"2,164,700 ","38,000 ","2,126,700 ","1,933,816 ","192,884 ",302 ,"7,042 ",302 ,"7,042 ",302 ,0 ,0 ,0 ,"2,126,700 ","516,100 ","13,000 ","1,597,600 ",0 ,0 ,0 ,0 ,0 ,0 ,0 ,0 ,"1,733,800 ",81.53 ,"392,900 ",18.47 ,0 ,0.00 ,0 ,"38,000 ",0 ,0 ,0 ,0 ,0 ,0 ,0 ,0 
2017-12-23,토,1개,"2,867,000 ",0 ,"2,867,000 ","2,606,904 ","260,096 ",345 ,"8,310 ",345 ,"8,310 ",345 ,0 ,0 ,0 ,"2,867,000 ","597,000 ","30,200 ","2,239,800 ",0 ,0 ,0 ,0 ,0 ,0 ,0 ,0 ,"2,372,100 ",82.74 ,"494,900 ",17.26 ,0 ,0.00 ,0 ,0 ,0 ,0 ,0 ,0 ,0 ,0 ,0 ,0 
2017-12-24,일,1개,"2,423,000 ",0 ,"2,423,000 ","2,203,148 ","219,852 ",295 ,"8,214 ",295 ,"8,214 ",295 ,0 ,0 ,0 ,"2,423,000 ","419,800 ","10,600 ","1,992,600 ",0 ,0 ,0 ,0 ,0 ,0 ,0 ,0 ,"2,013,700 ",83.11 ,"409,300 ",16.89 ,0 ,0.00 ,0 ,0 ,0 ,0 ,0 ,0 ,0 ,0 ,0 ,0 
2017-12-25,월,1개,"2,719,700 ",0 ,"2,719,700 ","2,472,972 ","246,728 ",330 ,"8,242 ",330 ,"8,242 ",330 ,0 ,0 ,0 ,"2,719,700 ","744,100 ",0 ,"1,975,600 ",0 ,0 ,0 ,0 ,0 ,0 ,0 ,0 ,"2,332,900 ",85.78 ,"386,800 ",14.22 ,0 ,0.00 ,0 ,0 ,0 ,0 ,0 ,0 ,0 ,0 ,0 ,0 
2017-12-26,화,1개,"2,122,200 ","23,400 ","2,098,800 ","1,908,453 ","190,347 ",305 ,"6,881 ",305 ,"6,881 ",305 ,0 ,0 ,0 ,"2,098,800 ","586,600 ","6,400 ","1,505,800 ",0 ,0 ,0 ,0 ,0 ,0 ,0 ,0 ,"1,683,300 ",80.20 ,"415,500 ",19.80 ,0 ,0.00 ,0 ,"23,400 ",0 ,0 ,0 ,0 ,0 ,0 ,0 ,0 
2017-12-27,수,1개,"1,870,100 ",0 ,"1,870,100 ","1,700,531 ","169,569 ",267 ,"7,004 ",267 ,"7,004 ",267 ,0 ,0 ,0 ,"1,870,100 ","447,600 ",0 ,"1,422,500 ",0 ,0 ,0 ,0 ,0 ,0 ,0 ,0 ,"1,569,500 ",83.93 ,"300,600 ",16.07 ,0 ,0.00 ,0 ,0 ,0 ,0 ,0 ,0 ,0 ,0 ,0 ,0 
2017-12-28,목,1개,"1,966,200 ","15,100 ","1,951,100 ","1,774,098 ","177,002 ",270 ,"7,226 ",270 ,"7,226 ",270 ,0 ,0 ,0 ,"1,951,100 ","414,800 ","11,900 ","1,524,400 ",0 ,0 ,0 ,0 ,0 ,0 ,0 ,0 ,"1,637,900 ",83.95 ,"313,200 ",16.05 ,0 ,0.00 ,0 ,"15,100 ",0 ,0 ,0 ,0 ,0 ,0 ,0 ,0 
2017-12-29,금,1개,"2,102,200 ","15,800 ","2,086,400 ","1,897,154 ","189,246 ",296 ,"7,049 ",296 ,"7,049 ",296 ,0 ,0 ,0 ,"2,086,400 ","478,700 ","16,900 ","1,590,800 ",0 ,0 ,0 ,0 ,0 ,0 ,0 ,0 ,"1,699,300 ",81.45 ,"387,100 ",18.55 ,0 ,0.00 ,0 ,"15,800 ",0 ,0 ,0 ,0 ,0 ,0 ,0 ,0 
2017-12-30,토,1개,"2,261,300 ","31,200 ","2,230,100 ","2,027,840 ","202,260 ",279 ,"7,993 ",279 ,"7,993 ",279 ,0 ,0 ,0 ,"2,230,100 ","601,700 ","46,300 ","1,582,100 ",0 ,0 ,0 ,0 ,0 ,0 ,0 ,0 ,"1,901,300 ",85.26 ,"328,800 ",14.74 ,0 ,0.00 ,0 ,"31,200 ",0 ,0 ,0 ,0 ,0 ,0 ,0 ,0 
2017-12-31,일,1개,"2,549,100 ","15,500 ","2,533,600 ","2,303,828 ","229,772 ",318 ,"7,967 ",318 ,"7,967 ",318 ,0 ,0 ,0 ,"2,533,600 ","560,900 ","33,500 ","1,939,200 ",0 ,0 ,0 ,0 ,0 ,0 ,0 ,0 ,"2,212,500 ",87.33 ,"321,100 ",12.67 ,0 ,0.00 ,0 ,"15,500 ",0 ,0 ,0 ,0 ,0 ,0 ,0 ,0 